{
	"partitions" : [
		{
			"name" : "Top",
			"pins" : [
				{
					"name" : "GPIO_0_D[1]",
					"strict" : false
				},
				{
					"name" : "GPIO_0_D[5]",
					"strict" : false
				},
				{
					"name" : "GPIO_0_D[7]",
					"strict" : false
				},
				{
					"name" : "GPIO_0_D[21]",
					"strict" : false
				},
				{
					"name" : "GPIO_0_D[23]",
					"strict" : false
				},
				{
					"name" : "GPIO_1_D[32]",
					"strict" : false
				},
				{
					"name" : "KEY[0]",
					"strict" : false
				}
			]
		}
	]
}